Nation,Gender,Type,Values
ITA,M,FirstName,Leonardo;Francesco;Alessandro;Lorenzo;Mattia;Andrea;Gabriele;Riccardo;Tommaso;Edoardo;Giuseppe;Matteo;Giovanni;Antonio;Federico;Filippo;Marco;Davide;Christian;Diego;Pietro;Niccolò;Simone;Emanuele;Alessio;Samuele;Luca;Luigi;Vincenzo;Domenico;Salvatore;Carmine;Giacomo;Giorgio;Michele;Stefano;Massimo;Giulio;Valerio;Enrico;Mauro;Alberto;Angelo;Bruno;Carlo;Claudio;Corrado;Cristiano;Danilo;Daniele;Dario;Elia;Emiliano;Emilio;Ennio;Eros;Ettore;Eugenio;Ezio;Fabio;Fabrizio;Fausto;Flavio;Franco;Fulvio;Gianluca;Gianmarco;Gianpaolo;Gioele;Giuliano;Guido;Ivan;Jacopo;Lapo;Luciano;Manuele;Marcello;Mariano;Mario;Maurizio;Mirko;Nicola;Nunzio;Orlando;Oscar;Ottavio;Paolo;Pasquale;Raffaele;Renato;Roberto;Rodolfo;Rosario;Ruggero;Sandro;Saverio;Sergio;Silvio;Tancredi;Tiziano;Umberto;Walter;Zeno
ITA,F,FirstName,Sofia;Giulia;Aurora;Alice;Ginevra;Eleonora;Emma;Giorgia;Beatrice;Martina;Chiara;Anna;Sara;Ludovica;Arianna;Francesca;Marta;Elena;Vittoria;Alessia;Silvia;Elisa;Camilla;Ilaria;Federica;Valentina;Michela;Serena;Laura;Caterina;Roberta;Cristina;Paola;Daniela;Teresa;Lucia;Angela;Maria;Antonella;Simona;Iris;Adriana;Agata;Agnese;Alessandra;Amalia;Amelia;Anita;Annamaria;Assunta;Barbara;Bianca;Bruna;Carla;Carlotta;Carmen;Cecilia;Celeste;Clotilde;Concetta;Costanza;Dalila;Debora;Diletta;Donatella;Enrica;Ester;Eugenia;Eva;Fabiana;Fabiola;Fiamma;Flavia;Flora;Gabriella;Gilda;Giordana;Giuliana;Grazia;Greta;Irene;Ivana;Jolanda;Letizia;Lidia;Liliana;Loredana;Lorena;Lucrezia;Maddalena;Manuela;Margherita;Marianna;Marisa;Melissa;Miriam;Monica;Nadia;Natalia;Nicoletta;Noemi
ITA,A,LastName,Rossi;Russo;Ferrari;Esposito;Bianchi;Romano;Colombo;Ricci;Marino;Greco;Bruno;Gallo;Conti;De Luca;Mattei;Costa;Giordano;Mancini;Rizzo;Lombardi;Moretti;Barbieri;Fontana;Santoro;Mariani;Rinaldi;Caruso;Ferrara;Galli;Martini;Leone;Longo;Gentile;Martinelli;Vitale;Sanna;Pellegrini;Coppola;Serra;De Santis;Marchetti;Fabbri;Monti;Gatti;Ferri;Silvestri;Conte;Messina;D'Amico;De Angelis;Palumbo;Rossetti;Grassi;Testa;Bernardi;Sala;Riva;Fiore;Amato;Basile;Farina;Morelli;Rizzi;Grimaldi;Piras;Mura;Pinna;Carta;Melis;Santini;Gargiulo;De Rosa;Basso;Piazza;Milani;Donati;Ruggiero;Lucchesi;Lazzari;Sorrentino;Sturla;Barretta;Faraoni;Vettori;De Angelis;Doni;Sau;Luccoli;Chiari;Gianni;De Piscopo;Federici;Canavacciuolo;Della Vedova;Faraci;Arioli;Messuti;Minai;Malloi
USA,M,FirstName,Michael;Caeleb;Ryan;James;John;Robert;William;David;Richard;Joseph;Thomas;Charles;Christopher;Daniel;Matthew;Anthony;Mark;Donald;Steven;Paul;Andrew;Joshua;Kenneth;Kevin;Brian;George;Edward;Ronald;Timothy;Jason;Jeffrey;Jacob;Gary;Nicholas;Eric;Jonathan;Stephen;Larry;Justin;Scott;Brandon;Benjamin;Samuel;Gregory;Frank;Alexander;Raymond;Patrick;Jack;Dennis;Jerry;Tyler;Aaron;Jose;Adam;Henry;Nathan;Douglas;Zachary;Peter;Kyle;Walter;Ethan;Jeremy;Harold;Keith;Christian;Roger;Noah;Terry;Sean;Arthur;Austin;Carl;Lawrence;Jesse;Dylan;Bryan;Joe;Jordan;Billy;Bruce;Albert;Willie;Gabriel;Logan;Alan;Juan;Wayne;Roy;Ralph;Randy;Eugene;Vincent;Russell;Elijah;Louis;Bobby;Philip;Johnny
USA,F,FirstName,Katie;Regan;Missy;Lilly;Mary;Patricia;Jennifer;Linda;Elizabeth;Barbara;Susan;Jessica;Sarah;Karen;Nancy;Lisa;Betty;Margaret;Sandra;Ashley;Kimberly;Emily;Donna;Michelle;Dorothy;Carol;Amanda;Melissa;Deborah;Stephanie;Rebecca;Sharon;Laura;Cynthia;Kathleen;Amy;Shirley;Angela;Helen;Anna;Brenda;Pamela;Nicole;Emma;Samantha;Katherine;Christine;Debra;Rachel;Catherine;Carolyn;Janet;Ruth;Maria;Heather;Diane;Virginia;Julie;Joyce;Victoria;Olivia;Kelly;Christina;Lauren;Joan;Evelyn;Judith;Megan;Cheryl;Andrea;Hannah;Martha;Jacqueline;Frances;Gloria;Ann;Teresa;Kathryn;Sara;Janice;Jean;Alice;Madison;Doris;Abigail;Julia;Judy;Grace;Denise;Amber;Marilyn;Beverly;Danielle;Theresa;Sophia;Marie;Diana;Brittany;Natalie;Isabella
USA,A,LastName,Smith;Johnson;Williams;Brown;Jones;Garcia;Miller;Davis;Rodriguez;Martinez;Hernandez;Lopez;Gonzalez;Wilson;Anderson;Thomas;Taylor;Moore;Jackson;Martin;Lee;Perez;Thompson;White;Harris;Sanchez;Clark;Ramirez;Lewis;Robinson;Walker;Young;Allen;King;Wright;Scott;Torres;Nguyen;Hill;Flores;Green;Adams;Nelson;Baker;Hall;Rivera;Campbell;Mitchell;Carter;Roberts;Gomez;Phillips;Evans;Turner;Diaz;Parker;Cruz;Edwards;Collins;Reyes;Stewart;Morris;Morales;Murphy;Cook;Rogers;Gutierrez;Ortiz;Morgan;Cooper;Peterson;Bailey;Reed;Kelly;Howard;Ramos;Kim;Cox;Ward;Richardson;Watson;Brooks;Chavez;Wood;James;Bennett;Gray;Mendoza;Ruiz;Hughes;Price;Alvarez;Castillo;Sanders;Patel;Myers;Long;Ross;Foster;Jimenez
AUS,M,FirstName,Jack;Oliver;William;Noah;Thomas;James;Lucas;Henry;Ethan;Mason;Hudson;Harrison;Alexander;Leo;Max;Levi;Isaac;Charlie;Joshua;Xavier;Lachlan;Cooper;Samuel;Oscar;Liam;Elijah;Hunter;Logan;Archie;Jackson;Benjamin;Jacob;Daniel;Tyler;Jayden;Nathan;Ryan;Dylan;Luke;Christian
AUS,F,FirstName,Emma;Ariarne;Kaylee;Mollie;Charlotte;Olivia;Mia;Amelia;Isla;Ava;Chloe;Grace;Sophie;Zoe;Harper;Ruby;Evie;Lily;Isabella;Matilda;Emily;Ella;Abigail;Scarlett;Georgia;Hannah;Aria;Evelyn;Lucy;Layla;Mila;Sienna;Zara;Chelsea;Madison;Ivy;Sophia;Stella;Violet;Alyssa
AUS,A,LastName,Smith;Jones;Williams;Brown;Wilson;Taylor;Johnson;White;Martin;Anderson;Thompson;Nguyen;Thomas;Walker;Harris;Lee;Ryan;Robinson;Kelly;King;Davis;Wright;Evans;Roberts;Green;Hall;Wood;Jackson;Clarke;Campbell;Mitchell;Moore;Hughes;Turner;Hill;Lewis;Clark;Scott;Young;Allen
FRA,M,FirstName,Gabriel;Léo;Raphaël;Arthur;Louis;Jules;Adam;Maël;Lucas;Hugo;Victor;Nathan;Liam;Eden;Paul;Mohamed;Gabin;Sacha;Noah;Tom;Naël;Aaron;Théo;Léon;Malo;Mathis;Gaspard;Martin;Tiago;Marceau;Axel;Robin;Timéo;Enzo;Antoine;Eliott;Marius;Nino;Ilyès;Alexandre;Maxime;Clément;Baptiste;Simon;Valentin;Romain;Pierre;Nicolas;Guillaume;Julien;Mathieu;Florian;Antonin;Bastien;Thibault;Quentin;Rémi;Arnaud;Corentin;Côme;Augustin;Jean;Charles;François;Émile;Oscar;Aymeric;Dorian;Evan;Kylian;Maxence;Noé;Samuel;Yanis;Milan;Ismaël;Ibrahim;Rayan;Youssef;Amir;Ali;Émilien;Hector;Isaac;Célestin;Léandre;Lucien;Mathéo;Pablo;Soan;Ugo;Victorien;Yohan;Aurélien;Benoît;Cédric;Damien;Fabien;Gautier;Lilian
FRA,F,FirstName,Jade;Louise;Ambre;Alba;Emma;Rose;Alice;Romy;Anna;Lina;Léna;Mia;Lou;Julia;Chloé;Léa;Joy;Inès;Mila;Agathe;Léonie;Lola;Zoé;Juliette;Jeanne;Louna;Eva;Nina;Sarah;Romane;Iris;Margaux;Charlotte;Adèle;Camille;Victoire;Léana;Capucine;Clara;Manon;Marie;Mathilde;Pauline;Laura;Lucie;Marion;Océane;Justine;Anaïs;Morgane;Clémence;Maeva;Alicia;Célia;Élise;Amélie;Valentine;Estelle;Apolline;Roxane;Laly;Cécile;Sophie;Émilie;Aurélie;Élodie;Julie;Flora;Solène;Noémie;Mylène;Mélanie;Audrey;Coline;Fanny;Lison;Zélie;Thaïs;Salomé;Faustine;Garance;Yasmine;Sofia;Assia;Aya;Noor;Maya;Lilia;Nawel;Constance;Blanche;Diane;Suzanne;Éléonore;Joséphine;Madeleine;Pénélope;Clotilde;Mathilda
FRA,A,LastName,Martin;Bernard;Thomas;Petit;Robert;Richard;Durand;Dubois;Moreau;Laurent;Simon;Michel;Lefebvre;Leroy;Roux;David;Bertrand;Morel;Fournier;Girard;Bonnet;Dupont;Lambert;Fontaine;Rousseau;Vincent;Muller;Lefevre;Faure;Andre;Mercier;Blanc;Guerin;Boyer;Garnier;Chevalier;Francois;Legrand;Gauthier;Garcia;Perrin;Robin;Clément;Morin;Nicolas;Henry;Roussel;Mathieu;Masson;Marchand;Duval;Denis;Dumont;Marie;Lemaire;Noel;Meyer;Dufour;Meunier;Brun;Blanchard;Giraud;Joly;Rivière;Lucas;Brunet;Gaillard;Barbier;Arnaud;Martinez;Gérard;Roche;Renard;Schmitt;Roy;Leroux;Colin;Vidal;Caron;Picard;Roger;Fabre;Aubert;Lemoine;Renaud;Dumas;Lacroix;Olivier;Philippe;Bourgeois;Pierre;Benoît;Rey;Leclerc;Payet;Rolland;Leclercq;Guillaume;Lecomte
GBR,M,FirstName,Adam;Duncan;Tom;Oliver;George;Harry;Noah;Jack;Leo;Arthur;Oscar;Charlie;Jacob;Thomas;Henry;William;Alfie;Archie;Joshua;Freddie;Theo;Isaac;James;Alexander;Logan;Edward;Ethan;Lucas;Harrison;Mason;Finley;Max;Teddy;Benjamin;Riley;Daniel;Elijah;Rowan;Joseph;Jaxon
GBR,F,FirstName,Freya;Kathleen;Alice;Amelia;Olivia;Isla;Ava;Ivy;Lily;Mia;Sophia;Isabella;Rosie;Grace;Daisy;Florence;Evie;Poppy;Ruby;Chloe;Ella;Evelyn;Millie;Phoebe;Maya;Charlotte;Sophie;Sienna;Harper;Matilda;Emily;Eva;Luna;Jessica;Willow;Aria;Arabella;Violet;Penelope;Zara
GBR,A,LastName,Smith;Jones;Taylor;Brown;Williams;Wilson;Johnson;Davies;Robinson;Wright;Thompson;Evans;Walker;White;Roberts;Green;Hall;Wood;Jackson;Clarke;Hughes;Edwards;Turner;Martin;Cooper;Hill;Ward;Moore;Clark;King;Harrison;Lewis;Baker;Allen;Morris;Price;Lee;Scott;Watson;Griffiths
CHN,M,FirstName,Wei;Qiang;Lei;Jun;Yong;Jian;Ping;Gang;Hao;Bo;Ming;Xin;Cheng;Lin;Ning;Fei;Peng;Hua;Bin;Long;Yu;Zhe;Chao;Fan;Dong;Yuan;Zhi;Hong;Qing;Rui;Wen;Chen;Xuan;Ying;Jie;Kun;Yang;Feng;Shan;Tian
CHN,F,FirstName,Yufei;Bingjie;Li;Min;Jing;Yan;Fang;Wei;Na;Jie;Qin;Ting;Ling;Xia;Hong;Ying;Juan;Hua;Xiaoyan;Lin;Chun;Lan;Mei;Ping;Yun;Haiyan;Liping;Hui;Yingying;Xiu;Dan;Jiao;Jian;Qian;Rong;Yue;Qing;Feifei;Shuang;Yuan
CHN,A,LastName,Wang;Li;Zhang;Liu;Chen;Yang;Huang;Zhao;Wu;Zhou;Xu;Sun;Ma;Zhu;Hu;Guo;Lin;He;Gao;Liang;Zheng;Luo;Song;Xie;Tang;Han;Cao;Xu;Deng;Xiao;Feng;Zeng;Cheng;Cai;Peng;Pan;Yuan;Yu;Dong;Su
JPN,M,FirstName,Haruto;Minato;Yuto;Sota;Itsuki;Riku;Asahi;Hinata;Aoto;Yamato;Hiroto;Ren;Yuma;Yuta;Sora;Soma;Kaito;Hayato;Ibuki;Taiga;Katsuki;Rui;Shoma;Ryusei;Yusei;Touma;Koki;Kosei;Takeru;Kotaro;Ryoto;Yoshi;Kazuki;Kenji;Hiroshi;Taro;Daiki;Naoki;Shota;Takumi
JPN,F,FirstName,Rikako;Yui;Rio;Mei;Hina;Koharu;Mio;Yua;Ichika;Rin;Aoi;Honoka;Sakura;Miyu;Yuna;Himari;Sara;Akari;Kanna;Noa;Niko;Maki;Sana;Misaki;Yuko;Nana;Haruka;Yumi;Natsuki;Asuka;Rika;Saki;Ayumi;Mai;Miki;Emi;Yoko;Rina;Aya;Megumi
JPN,A,LastName,Sato;Suzuki;Takahashi;Tanaka;Watanabe;Ito;Yamamoto;Nakamura;Kobayashi;Kato;Yoshida;Yamada;Sasaki;Yamaguchi;Saito;Matsumoto;Inoue;Kimura;Hayashi;Shimizu;Yamazaki;Mori;Abe;Ikeda;Hashimoto;Yamashita;Ishikawa;Nakajima;Maeda;Fujita;Ogawa;Goto;Okada;Hasegawa;Murakami;Kondo;Ishii;Saito;Sakamoto;Endo
CAN,M,FirstName,Liam;Jackson;Noah;Lucas;Oliver;Grayson;Leo;Jack;Benjamin;William;Jacob;Ethan;Theodore;Hunter;Logan;Harrison;James;Mason;Carter;Ezra;Hudson;Lincoln;Alexander;Owen;Thomas;Charlie;Gavin;Mateo;Wyatt;Henry;Elijah;Declan;Asher;Oliver;Samuel;Levi;Sebastian;Daniel;Miles;Cole
CAN,F,FirstName,Summer;Penny;Maggie;Olivia;Emma;Charlotte;Amelia;Ava;Sophia;Chloe;Aria;Mila;Ella;Harper;Hazel;Lily;Isabella;Evelyn;Abigail;Mia;Emily;Elizabeth;Madison;Avery;Sofia;Camila;Eleanor;Scarlett;Luna;Chloe;Layla;Penelope;Riley;Zoey;Nora;Lily;Grace;Hannah;Stella;Zoe
CAN,A,LastName,Smith;Brown;Tremblay;Martin;Roy;Wilson;Macdonald;Gagnon;Johnson;Taylor;Cote;Campbell;Anderson;Jones;Leblanc;Lee;Williams;White;Bouchard;Gauthier;Morin;Lavoie;Pelletier;Fortin;Moore;Young;Robinson;Clark;Murphy;Scott;Kelly;Thompson;King;Belanger;Gallo;Nguyen;Wright;Hill;Walker;Moore
GER,M,FirstName,Maximilian;Alexander;Paul;Leon;Louis;Elias;Felix;Ben;Noah;Jonas;Lukas;Finn;Luca;Milan;Max;Tim;Julian;Emil;Anton;Moritz;Philipp;David;Oskar;Jan;Tom;Linus;Mika;Vincent;Matteo;Lennard;Leo;Jannik;Simon;Nils;Marlon;Liam;Fabian;Jonathan;Rafael;Hannes
GER,F,FirstName,Emma;Mia;Hannah;Emilia;Sofia;Lina;Anna;Mila;Clara;Lea;Marie;Lena;Johanna;Leonie;Lilly;Amelie;Luisa;Mathilda;Nele;Lara;Ida;Charlotte;Laura;Emily;Sarah;Maja;Melina;Frieda;Pia;Paula;Julia;Leni;Greta;Alina;Victoria;Ella;Sophie;Mira;Helena;Marlene
GER,A,LastName,Muller;Schmidt;Schneider;Fischer;Weber;Meyer;Wagner;Becker;Schulz;Hoffmann;Schafer;Koch;Bauer;Richter;Klein;Wolf;Schroder;Neumann;Schwarz;Zimmermann;Braun;Kruger;Hofmann;Hartmann;Lange;Schmitt;Werner;Krause;Meier;Lehmann;Schmid;Schulze;Maier;Kohler;Herrmann;Konig;Walter;Mayer
HUN,M,FirstName,Bence;Mate;Dominik;Levente;Balazs;Milan;David;Adam;Tamas;Zsombor;Peter;Gergely;Daniel;Zoltan;Gabor;Laszlo;Istvan;Jozsef;Janos;Andras;Attila;Sandor;Zalan;Marcell;Kristof;Oliver;Botond;Mark;Patrik;Richard;Roland;Norbert;Akos;Csaba;Krisztian;Imre;Gyorgy;Marton;Bence;Aron
HUN,F,FirstName,Katinka;Zsuzsanna;Boglarka;Hanna;Anna;Zoe;Luca;Emma;Jazmin;Lena;Lili;Zselyke;Laura;Aliz;Maja;Flora;Nora;Fanni;Dora;Lilla;Sofi;Reka;Viktoria;Blanka;Mira;Panna;Zsofia;Kamilla;Bianka;Vivien;Petra;Csenge;Dorina;Eszter;Greta;Kinga;Rebeka;Noemi;Dalma;Kira
HUN,A,LastName,Nagy;Kovacs;Toth;Szabo;Horvath;Varga;Kiss;Molnar;Nemeth;Farkas;Balogh;Papp;Takacs;Juhasz;Lakatos;Meszaros;Simon;Fekete;Szilagyi;Gyoergy;Tamas;Fodor;Gali;Halasz;Somogyi;Orosz;Kocsis;Pinter;Kelemen;Hegedus;Sipos;Szekely;Vass;Boros;Fazekas;Veres;Bognar;Gulyas;Kozma;Orsos
NED,M,FirstName,Daan;Sem;Milan;Lucas;Luuk;Bram;Jesse;Finn;Thomas;Max;Gijs;Thijs;Lars;Sven;Julian;Ruben;Levi;Niels;Stijn;Mees;Sam;Rick;Tim;Koen;Bas;Jeroen;Mark;Jan;Peter;Pieter;Willem;Johan;Henk;Dirk;Tom;Casper;Joris;Floris;Sjoerd;Joost
NED,F,FirstName,Emma;Julia;Mila;Tess;Sophie;Zoe;Sara;Nora;Yara;Eva;Liv;Lotte;Elin;Fenna;Maud;Lieke;Lisa;Roos;Noa;Fleur;Lynn;Anna;Isa;Lauren;Milou;Nina;Sterre;Vera;Floor;Iris;Eline;Jasmijn;Tirza;Marit;Daphne;Merel;Esmee;Tessa;Naomi;Sanne
NED,A,LastName,De Jong;Jansen;De Vries;Van den Berg;Van Dijk;Bakker;Janssen;Visser;Smit;Meijer;De Boer;Mulder;De Groot;Bos;Vos;Peters;Hendriks;Van Leeuwen;Dekker;Brouwer;De Wit;Dijkstra;Smits;De Graaf;Van der Meer;Van der Linden;Kok;Jacobs;De Haan;Vermeulen;Van den Heuvel;Van der Veen;Van den Broek;De Bruin;Heijmans;Scholten;Van Beek;Vink;Willems;Kuipers
BRA,M,FirstName,Miguel;Arthur;Gael;Heitor;Theo;Davi;Gabriel;Bernardo;Samuel;Joao;Pedro;Matheus;Lucas;Guilherme;Rafael;Gustavo;Enzo;Nicolas;Felipe;Caua;Victor;Henrique;Murilo;Eduardo;Thiago;Bruno;Leonardo;Daniel;Vitor;Rodrigo;Diego;Fernando;Marcelo;Alexandre;Ricardo;Carlos;Paulo;Roberto;Marcos;Luis
BRA,F,FirstName,Helena;Alice;Laura;Maria;Sophia;Manuela;Maitê;Liz;Cecilia;Isabella;Luiza;Eloa;Valentina;Julia;Heloisa;Livia;Lorena;Giovanna;Beatriz;Isadora;Mariana;Clara;Melissa;Marina;Leticia;Amanda;Camila;Larissa;Fernanda;Bruna;Bianca;Jessica;Tatiana;Patricia;Aline;Aline;Juliana;Renata;Carolina;Vanessa
BRA,A,LastName,Silva;Santos;Oliveira;Souza;Rodrigues;Ferreira;Alves;Pereira;Lima;Gomes;Costa;Ribeiro;Martins;Carvalho;Almeida;Lopes;Soares;Fernandes;Vieira;Barbosa;Rocha;Dias;Nascimento;Andrade;Moreira;Nunes;Marques;Machado;Mendes;Freitas;Cardoso;Ramos;Goncalves;Santana;Teixeira;Araujo;Melo;Farias;Barros;Borges;Nascimento
ESP,M,FirstName,Hugo;Martin;Lucas;Mateo;Leo;Daniel;Alejandro;Pablo;Manuel;Alvaro;Adrian;David;Diego;Mario;Enrique;Javier;Jose;Antonio;Carlos;Juan;Francisco;Luis;Pedro;Miguel;Sergio;Jorge;Fernando;Alberto;Victor;Ignacio;Raul;Ivan;Ruben;Oscar;Roberto;Marcos;Guillermo;Andres;Ramon;Julio
ESP,F,FirstName,Lucia;Mireia;Sofia;Martina;Maria;Julia;Paula;Valeria;Emma;Daniela;Carla;Alba;Noa;Alma;Sara;Carmen;Vega;Lara;Mia;Valentina;Chloe;Marta;Irene;Adriana;Ana;Laura;Elena;Alejandra;Ines;Marina;Angela;Clara;Blanca;Aitana;Celia;Nuria;Teresa;Rosa;Raquel;Beatriz
ESP,A,LastName,Garcia;Fernandez;Gonzalez;Rodriguez;Lopez;Martinez;Sanchez;Perez;Martin;Gomez;Ruiz;Diaz;Hernandez;Alvarez;Jimenez;Moreno;Munoz;Alonso;Gutierrez;Romero;Navarro;Torres;Dominguez;Vazquez;Ramos;Gil;Ramirez;Serrano;Blanco;Molina;Morales;Suarez;Ortega;Delgado;Castro;Ortiz;Rubio;Marin;Sanz
SWE,M,FirstName,William;Liam;Noah;Lucas;Oliver;Oscar;Elias;Hugo;Adam;Alexander;Matteo;Nils;Leo;Vincent;Filip;Viktor;Isak;Anton;Axel;Edvin;Gabriel;Albin;Arvid;Melvin;Gustav;Leon;Emil;Carl;Hjalmar;Theo;Olle;Charlie;Malte;Oskar;Ludvig;Samuel;Max;Johan;Erik;Lars
SWE,F,FirstName,Sarah;Alice;Maja;Elsa;Astrid;Wilma;Freja;Olivia;Ebba;Selma;Lilly;Signe;Ella;Julia;Agnes;Stella;Alva;Klara;Ida;Linnea;Elin;Moa;Emma;Nova;Hanna;Isabelle;Lovisa;Amanda;Milda;Saga;Alicia;Vera;Ellen;Felicia;Tyra;Molly;Evelina;Nathalie;Tilda;Frida
SWE,A,LastName,Johansson;Andersson;Karlsson;Nilsson;Eriksson;Larsson;Olsson;Persson;Svensson;Gustafsson;Pettersson;Jonsson;Jansson;Hansson;Bengtsson;Jönsson;Lindberg;Jakobsson;Magnusson;Olofsson;Lindström;Lindqvist;Lindgren;Axelsson;Bergström;Lundberg;Lundgren;Berg;Lundqvist;Mattsson;Berglund;Fredriksson;Sandberg;Henriksson;Forsberg;Sjöberg;Wallin;Engström;Eklund;Holm
RSA,M,FirstName,Siyabonga;Thabo;Junior;Bandile;Melusi;Lethabo;Banele;Kagiso;Sipho;Lungelo;Johan;Pieter;Willem;Hendrik;Johannes;Francois;Jacques;Dirk;Stefan;Christiaan;David;John;Michael;Peter;Robert;Richard;William;James;Charles;Thomas;Daniel;Matthew;Anthony;Mark;Paul;Steven;Andrew;Kenneth;George;Joshua
RSA,F,FirstName,Tatjana;Amathle;Lwandle;Buhle;Thandeka;Lerato;Lesedi;Zanele;Sibongile;Ayesha;Fatima;Amina;Johanna;Maria;Anna;Margaretha;Cornelia;Jacoba;Elizabeth;Susanna;Sarah;Jessica;Megan;Lauren;Nicole;Rachel;Chloe;Emma;Hannah;Samantha;Grace;Olivia;Abigail;Mia;Amy;Kelly;Natalie;Rebecca;Kim;Claire
RSA,A,LastName,Dlamini;Ndlovu;Khumalo;Sithole;Mokoena;Nkosi;Zungu;Cele;Zulu;Mthembu;Botha;Van der Merwe;Pretorius;Venter;Nel;Fourie;Louw;Van Zyl;Smit;Du Plessis;Coetzee;Oosthuizen;Steyn;Meyer;Potgieter;Naidoo;Govender;Moodley;Pillay;Chetty;Smith;Williams;Brown;Jones;Taylor;Davis;White;Harris;Martin;Thompson
KOR,M,FirstName,Min-jun;Seo-jun;Do-yun;Ye-jun;Si-woo;Ji-ho;Joo-won;Ha-joon;Ji-hu;Jun-woo;Geon-woo;Ji-hoon;Dong-hyun;Hyun-woo;Sung-min;Min-jae;Woo-jin;Jin-woo;Seung-min;Jong-in;Tae-hyung;Ji-min;Nam-joon;Seok-jin;Ho-seok;Yoon-gi;Jungkook;Eun-woo;Min-ho;Bo-gum;Jong-suk;Soo-hyun;Woo-bin;Hyun-bin;Dong-wook;Gong-yoo;Seo-joon;Hae-in;Bo-hyun;Jae-wook
KOR,F,FirstName,Seo-yeon;Seo-yun;Ji-woo;Seo-hyeon;Ha-eun;Ha-eun;Ji-yoo;Ji-a;Chae-won;Ye-eun;Soo-ah;Da-eun;Ye-rin;Ji-yoon;Su-bin;So-yul;Ji-eun;Ha-rin;Yu-jin;Tae-yeon;Ji-su;Hye-kyo;Min-young;Shin-hye;Hyo-joo;Ye-jin;Suzy;Ji-eun;Bo-young;Go-eun;So-dam;So-hee;Ha-neul;Eun-ji;Na-eun;Ji-hyo;Yoo-jung;So-hyun;Se-kyung;Min-ah
KOR,A,LastName,Kim;Lee;Park;Choi;Jeong;Kang;Jo;Yoon;Jang;Lim;Han;Oh;Seo;Shin;Kwon;Hwang;Ahn;Song;Ryu;Jeon;Hong;Go;Moon;Yang;Son;Bae;Baek;Heo;Yoo;Nam;Sim;No;Ha;Gwak;Seong;Cha;Joo;Woo;Goo;Min
ROU,M,FirstName,Andrei;Alexandru;Gabriel;Ionut;Stefan;Mihai;Cristian;Florin;Daniel;Bogdan;Nicolae;Gheorghe;Vasile;Constantin;Marian;Adrian;Ilie;Ioan;Dumitru;Radu;Valentin;Cosmin;Alin;Ciprian;Emanuel;Tudor;Razvan;Silviu;Catalin;George;Lucian;Sorin;Emil;Octavian;Paul;Victor;Denis;Iulian;Sergiu;Darius
ROU,F,FirstName,Maria;Elena;Andreea;Ioana;Alexandra;Ana;Mihaela;Diana;Denisa;Georgiana;Roxana;Alina;Gabriela;Florina;Cristina;Daniela;Iulia;Mirela;Bianca;Stefania;Simona;Oana;Nicoleta;Laura;Camelia;Silvia;Corina;Valentina;Irina;Luminita;Raluca;Carmen;Sorina;Madalina;Anca;Catalina;Monica;Livia;Viorica;Georgeta
ROU,A,LastName,Popa;Popescu;Radu;Dumitru;Stan;Stoica;Gheorghe;Matei;Ciobanu;Ionescu;Rusu;Mihai;Constantin;Serban;Marin;Tudor;Bogdan;Oprea;Macovei;Nita;Iancu;Dobre;Munteanu;Neagu;Ilie;Vasile;Barbu;Enache;Toma;Stefanescu;Diaconu;Iordache;Petrescu;Balan;Cojocaru;Lungu;Gavrila;Andrei;Sandu
LTU,M,FirstName,Lukas;Matas;Nojus;Dominykas;Rokas;Jonas;Kajus;Mantas;Ignas;Dovydas;Tomas;Emilis;Danielius;Benas;Gustas;Markas;Adomas;Jokubas;Simonas;Martynas;Arnas;Titas;Vakaris;Paulius;Pijus;Karolis;Edvinas;Tauras;Džiugas;Julius;Orestas;Aironas;Justas;Kipras;Vilius;Gytis;Armandas;Kristupas;Mindaugas;Vytautas
LTU,F,FirstName,Ruta;Emilija;Gabija;Liepa;Amelija;Leja;Kamile;Lukne;Austėja;Vilte;Smilte;Ema;Urte;Ieva;Sofija;Rugile;Ugne;Viktorija;Greta;Kotyra;Godai;Saule;Klaudija;Monika;Meda;Aiste;Goda;Karolina;Kornelija;Paulina;Simona;Agne;Egle;Ausra;Vaida;Giedre;Rasa;Jolanta;Daiva;Neringa
LTU,M,LastName,Kazlauskas;Jankauskas;Petrauskas;Stankevicius;Vasiliauskas;Zukauskas;Butkus;Paulauskas;Urbonas;Kavaliauskas;Sakalauskas;Navickas;Baranauskas;Zeleniakas;Adomaitis;Ramanauskas;Kairys;Rimkus;Zemaitis;Zinkevicius;Balciunas;Maliauskas;Pocius;Marcinkevicius;Grigaliunas;Alekna;Sabonis;Valanciunas;Jasikevicius;Motiejunas;Kleiza;Giedraitis;Kuzminskas;Ulanovas;Jankunas;Maciulis;Kalnietis;Seibutis;Gudaitis;Lavrinovic
LTU,F,LastName,Kazlauskiene;Jankauskiene;Petrauskiene;Stankeviciene;Vasiliauskiene;Zukauskiene;Butkuviene;Paulauskiene;Urboniene;Kavaliauskiene;Sakalauskiene;Navickiene;Baranauskiene;Zeleniakiene;Adomaitiene;Ramanauskiene;Kairiene;Rimkuviene;Zemaitiene;Zinkeviciene;Balciuniene;Maliauskiene;Pociene;Marcinkeviciene;Grigaliuniene;Alekniene;Saboniene;Valanciuniene;Jasikeviciene;Motiejuniene;Kleiziene;Giedraitiene;Kuzminskiene;Ulanoviene;Jankuniene;Maciuliene;Kalnietiene;Seibutiene;Gudaitiene;Lavrinoviciene
BEL,M,FirstName,Arthur;Liam;Noah;Jules;Louis;Lucas;Victor;Gabriel;Oscar;Leon;Adam;Maxim;Finn;Mathis;Milan;Eden;Hugo;Felix;Simon;Elias;Alexander;Vince;Gaspard;Matteo;Lars;Emile;Stan;Mael;Raphael;Nathan;Oliver;Jack;Julien;David;Thomas;Bram;Ruben;Kobe;Wout;Niels
BEL,F,FirstName,Olivia;Emma;Mila;Louise;Lina;Alice;Sofia;Mia;Juliette;Camille;Elena;Anna;Amelie;Lucie;Chloe;Marie;Eva;Nina;Clara;Julia;Lotte;Marieke;Sarah;Lisa;Elise;Romy;Margaux;Zoe;Lola;Lia;Ella;Manon;Laura;Ines;Maya;Luna;Noa;Celine;Julie;Fien
BEL,A,LastName,Peeters;Janssens;Maes;Jacobs;Mertens;Willems;Claes;Goossens;Wouters;De Smet;Vermeulen;Pauwels;Dubois;Lambert;Dupont;Martin;Simon;Leclercq;Lefevre;Laurent;Smets;Vandamme;Declercq;De Clercq;Desmedt;Cools;Hendrickx;De Jonghe;Verheyen;De Vos;Hermans;Claeys;Goris;Lemmens;Segers;De Vilder;Somers;Thijs;Vandenberghe;Bogaerts
SUI,M,FirstName,Noah;Liam;Luca;Leon;Gabriel;David;Elias;Samuel;Matteo;Julian;Nino;Alexander;Arthur;Louis;Diego;Leandro;Jonas;Maximilian;Nico;Levin;Simon;Ben;Paul;Aaron;Lukas;Rafael;Yannis;Livio;Oliver;Finn;Tim;Noe;Jan;Mika;Dario;Kilian;Marc;Robin;Silvan;Fabian
SUI,F,FirstName,Mia;Emma;Alina;Elena;Laura;Nina;Lara;Sofia;Lea;Anna;Lena;Julia;Sara;Emilia;Mila;Chloe;Alice;Zoe;Lina;Luana;Elina;Amelie;Melanie;Nora;Leonie;Livia;Chiara;Malea;Elin;Sophia;Fiona;Aline;Celine;Olivia;Lisa;Eva;Lilly;Ronja;Valeria;Marina
SUI,A,LastName,Muller;Meier;Schmid;Keller;Weber;Huber;Schneider;Meyer;Steiner;Baumann;Frei;Zimmermann;Moser;Widmer;Wyss;Graf;Roth;Suter;Baumgartner;Bachmann;Studer;Berger;Kaufmann;Brunner;Fuchs;Egger;Buhler;Gerber;Hofmann;Christen;Koch;Marti;Schweizer;Zbinden;Lustenberger;Kunz;Vogel;Eberhard;Hauri
RUS,M,FirstName,Alexander;Alexey;Anatoly;Andrey;Anton;Artem;Boris;Daniil;Denis;Dmitry;Egor;Evgeny;Fedor;Gennady;Georgy;Gleb;Grigory;Igor;Ilya;Ivan;Konstantin;Leonid;Maksim;Mark;Mikhail;Nikita;Nikolay;Oleg;Pavel;Petr;Roman;Ruslan;Semen;Sergey;Stepan;Timur;Vadim;Vasily;Vladimir;Yaroslav
RUS,F,FirstName,Anastasia;Anna;Maria;Elena;Daria;Alina;Ekaterina;Polina;Natalia;Olga;Tatiana;Yulia;Svetlana;Irina;Ksenia;Margarita;Vera;Nadezhda;Lubov;Sofia;Viktoria;Marina;Oksana;Valeria;Galina;Larisa;Dina;Evgeniya;Zoya;Kira;Lyudmila;Nina;Raisa;Tamara;Ulyana;Valentina;Veronika;Yana;Alisa;Milana
RUS,M,LastName,Ivanov;Smirnov;Kuznetsov;Popov;Sokolov;Lebedev;Kozlov;Novikov;Morozov;Petrov;Volkov;Solovyov;Vasilyev;Zaitsev;Pavlov;Semyonov;Golubev;Vinogradov;Bogdanov;Vorobyov;Fedorov;Mikhailov;Belyaev;Tarasov;Belov;Komarov;Orlov;Kiselev;Makarov;Andreev;Kovalev;Ilyin;Gusev;Titov;Kuzmin;Kudryavtsev;Baranov;Kulikov;Alekseev;Stepanov
RUS,F,LastName,Ivanova;Smirnova;Kuznetsova;Popova;Sokolova;Lebedeva;Kozlova;Novikova;Morozova;Petrova;Volkova;Solovyova;Vasilyeva;Zaitseva;Pavlova;Semyonova;Golubeva;Vinogradova;Bogdanova;Vorobyova;Fedorova;Mikhailova;Belyaeva;Tarasova;Belova;Komarova;Orlova;Kiseleva;Makarova;Andreeva;Kovaleva;Ilyina;Guseva;Titova;Kuzmina;Kudryavtseva;Baranova;Kulikova;Alekseeva;Stepanova